1.20852,  -0.03473,  -1.63713,  1.75367
1.17732,  -0.22473,  -1.57456,  1.81354
1.02641,  -0.05055,  -1.55486,  1.84627
1.08134,  -0.17131,  -1.73041,  1.68712
1.15992,  -0.02519,  -1.64176,  1.84099
1.02220,  -0.13037,  -1.81080,  1.54686
1.12505,  -0.18461,  -1.64021,  1.59725
1.38242,  -0.20622,  -1.92383,  1.58159
1.14509,  -0.38981,  -1.87052,  1.79227
1.20676,  -0.22151,  -2.08670,  1.44163
1.20345,  -0.59915,  -1.99378,  1.59717
1.10586,  -0.27496,  -2.02061,  1.44021
1.08264,  -0.30725,  -2.30350,  1.56702
1.33489,  -0.43150,  -2.53939,  1.49345
1.12459,  -0.37409,  -2.57986,  1.63467
1.25221,  -0.28452,  -2.63290,  1.56085
1.03808,  -0.51883,  -2.64847,  1.36091
1.07324,  -0.40906,  -2.60589,  1.28866
1.28935,  -0.55369,  -2.57712,  1.55526
1.03348,  -0.58427,  -2.71472,  1.40604
1.17694,  -0.72599,  -2.76005,  1.26956
1.07271,  -0.51176,  -2.92160,  1.20167
1.26506,  -0.79351,  -3.02166,  1.26727
1.12636,  -0.53696,  -3.00761,  1.19654
1.20340,  -0.64652,  -3.07093,  1.09851
1.01914,  -0.66610,  -3.05356,  1.19773
1.14577,  -0.68141,  -3.20846,  1.06028
1.15219,  -0.75003,  -3.19828,  1.27751
1.04257,  -0.84728,  -3.36801,  1.06512
1.07165,  -0.71450,  -3.49422,  1.16380
1.17289,  -0.75716,  -3.52196,  1.06069
1.04575,  -0.63835,  -3.59663,  0.85354
1.16209,  -0.76694,  -3.66286,  1.12039
1.25660,  -0.91037,  -3.68590,  0.98439
1.07710,  -1.14245,  -3.71740,  0.81366
1.08234,  -0.78637,  -3.76515,  0.94930
1.04509,  -1.03144,  -4.01491,  0.66089
1.09741,  -1.13858,  -4.02967,  0.75205
0.98079,  -1.03628,  -4.08968,  0.89367
1.02406,  -1.09192,  -4.05028,  0.86638
1.07620,  -1.10931,  -3.99887,  0.70166
1.21225,  -1.01126,  -4.30125,  0.87724
1.04775,  -1.06527,  -4.28992,  0.73076
1.05224,  -1.00483,  -4.38872,  0.81928
1.16051,  -1.01949,  -4.31079,  0.74418
1.19297,  -1.02773,  -4.36076,  0.78084
1.06113,  -1.00047,  -4.52091,  0.58048
1.08311,  -1.21781,  -4.40143,  0.55276
1.16850,  -1.13524,  -4.30135,  0.74963
1.09989,  -1.12677,  -4.57120,  0.82634
1.03984,  -1.05708,  -4.60295,  0.70958
1.01475,  -1.16038,  -4.64515,  0.68423
0.87196,  -1.11526,  -4.71081,  0.72899
0.91792,  -1.31721,  -4.62008,  0.57730
1.19397,  -1.10196,  -4.57449,  0.57534
1.16270,  -1.18673,  -4.55409,  0.75084
1.09995,  -1.25998,  -4.64727,  0.59715
0.85568,  -1.28088,  -4.72783,  0.42462
0.91342,  -1.21507,  -4.56016,  0.75254
1.11567,  -1.21598,  -4.84921,  0.52877
0.92211,  -1.20503,  -4.75890,  0.77461
0.88272,  -1.12807,  -4.84958,  0.65556
0.96607,  -1.17946,  -4.88079,  0.73062
1.05822,  -1.32870,  -4.59978,  0.87114
1.10595,  -1.28157,  -4.66906,  0.86547
0.98918,  -1.32807,  -4.75046,  0.70617
0.90279,  -1.19417,  -5.07899,  0.76841
0.79792,  -1.41321,  -4.78019,  0.84532
1.02411,  -1.20454,  -4.86209,  0.91206
0.87872,  -1.28652,  -4.72429,  0.74172
0.81147,  -1.23910,  -4.83916,  0.77222
0.82309,  -1.02161,  -4.81180,  0.75884
0.77459,  -1.40005,  -4.79804,  0.90776
1.04987,  -1.46057,  -4.72694,  0.77653
0.87483,  -1.12186,  -4.69511,  0.75114
1.00488,  -1.25667,  -4.72918,  0.69723
0.95680,  -1.35783,  -4.70452,  0.88998
0.90959,  -1.11202,  -4.80115,  0.81714
0.84378,  -1.08531,  -4.65824,  0.88072
0.98269,  -1.27117,  -4.57700,  0.84614
0.90137,  -1.19755,  -4.85280,  0.69543
0.94741,  -1.28621,  -4.74506,  0.67312
1.08183,  -1.23215,  -4.61128,  0.89296
0.84268,  -1.13982,  -4.77579,  0.85567
0.94816,  -1.19654,  -4.63844,  0.73916
1.17261,  -1.10935,  -4.76792,  0.96963
0.94325,  -1.17712,  -4.63708,  0.92691
0.91005,  -1.14344,  -4.45773,  0.81182
1.04638,  -1.19588,  -4.63217,  0.91093
0.98251,  -1.34716,  -4.62628,  0.79514
0.79559,  -1.30705,  -4.72235,  0.90640
0.92719,  -1.14477,  -4.52821,  0.95181
1.08532,  -1.05290,  -4.65856,  1.04347
1.05204,  -1.24887,  -4.55117,  0.87581
0.88821,  -1.06779,  -4.42549,  0.76583
1.04680,  -1.12813,  -4.51366,  0.87459
1.03130,  -1.43194,  -4.12117,  0.79015
0.96386,  -1.06799,  -4.53148,  0.84952
1.08043,  -1.24746,  -4.37170,  0.73534
0.83804,  -0.92548,  -4.34967,  0.68164
0.98083,  -1.20762,  -4.55691,  0.88611
1.03763,  -1.16888,  -4.51953,  0.84527
0.79799,  -1.03383,  -4.41938,  0.61934
0.96657,  -1.09436,  -4.37377,  0.83273
1.03845,  -1.04035,  -4.30764,  0.68071
1.10112,  -1.27321,  -4.33747,  0.57983
0.95968,  -1.23417,  -4.59747,  0.64148
1.05018,  -1.00899,  -4.25737,  0.49642
0.93617,  -1.16426,  -4.24299,  0.45598
0.98327,  -1.18787,  -4.33152,  0.58274
1.06681,  -1.27274,  -4.36577,  0.48396
0.98428,  -1.18397,  -4.36530,  0.53889
0.95122,  -1.02852,  -4.23909,  0.48715
0.91067,  -1.09386,  -4.29727,  0.58533
0.89401,  -1.33011,  -4.39514,  0.24519
1.03649,  -1.01737,  -4.20979,  0.26516
0.83691,  -1.14538,  -4.24326,  0.27333
0.83038,  -1.02410,  -4.16480,  0.16720
0.80327,  -1.11771,  -4.26661,  0.22207
0.91659,  -1.13949,  -4.11629,  0.25793
0.86563,  -1.14800,  -4.44888,  0.21694
0.74661,  -1.15545,  -4.11785,  0.22852
0.91356,  -0.94781,  -3.96847,  0.15342
0.75263,  -1.21494,  -4.16052,  0.31387
0.86653,  -1.10623,  -4.08604,  0.18549
0.61461,  -1.01114,  -4.03602,  0.10594
0.71151,  -1.09302,  -4.08152,  -0.04743
0.51361,  -1.12224,  -3.96894,  0.05844
0.78733,  -1.34091,  -3.91164,  -0.12869
0.80442,  -1.16953,  -4.03631,  -0.26060
0.80074,  -1.18699,  -3.98076,  -0.18803
0.69796,  -1.06001,  -3.88599,  -0.12840
0.57175,  -1.25517,  -3.95461,  -0.19921
0.72428,  -1.04896,  -3.98010,  -0.29776
0.51792,  -1.10637,  -4.01021,  -0.42472
0.58143,  -1.20970,  -3.79951,  -0.25231
0.57880,  -1.24893,  -3.89409,  -0.27899
0.43143,  -1.17293,  -3.86704,  -0.21042
0.35847,  -0.90476,  -3.72712,  -0.39031
0.45196,  -1.10274,  -3.71699,  -0.34564
0.48137,  -0.88638,  -3.75895,  -0.44190
0.34662,  -1.01276,  -3.77757,  -0.29470
0.42674,  -1.13783,  -3.68831,  -0.01484
0.39176,  -1.02816,  -3.66834,  -0.33751
0.43258,  -0.82885,  -3.57260,  -0.35209
0.45516,  -1.29414,  -3.64112,  -0.30728
0.46174,  -1.08768,  -3.61547,  -0.35969
0.17515,  -0.84371,  -3.66340,  -0.47505
0.55690,  -0.82040,  -3.63327,  -0.37097
0.32607,  -1.11423,  -3.50234,  -0.54061
0.26023,  -1.08928,  -3.58356,  -0.62651
0.38349,  -1.07230,  -3.52369,  -0.59247
0.18597,  -1.07264,  -3.36610,  -0.50233
0.21146,  -1.03400,  -3.47903,  -0.41651
0.45326,  -1.10123,  -3.57646,  -0.31084
0.34584,  -0.99722,  -3.36756,  -0.63266
0.38948,  -1.04580,  -3.70004,  -0.56776
0.34566,  -0.96380,  -3.57465,  -0.44989
0.19322,  -1.02363,  -3.29360,  -0.68396
0.25485,  -0.96270,  -3.57036,  -0.20982
0.48925,  -1.10952,  -3.36209,  -0.53377
0.25165,  -0.91497,  -3.42177,  -0.46001
0.46812,  -1.15011,  -3.36154,  -0.46310
0.29963,  -0.96910,  -3.32376,  -0.45710
0.18808,  -1.11149,  -3.35318,  -0.52679
0.06380,  -0.99809,  -3.38739,  -0.53540
0.28488,  -1.07659,  -3.41423,  -0.69311
0.23761,  -0.99384,  -3.32960,  -0.53334
0.26531,  -1.05290,  -3.42919,  -0.58780
0.23302,  -1.08674,  -3.30271,  -0.55726
0.22954,  -0.91827,  -3.34464,  -0.33067
0.38392,  -0.99328,  -3.23410,  -0.47898
0.28339,  -1.13608,  -3.11165,  -0.43068
0.37017,  -0.93496,  -3.45184,  -0.46132
0.24969,  -0.77713,  -3.41352,  -0.42343
0.34557,  -1.05809,  -3.21206,  -0.54082
0.33085,  -0.93405,  -3.18659,  -0.36000
0.28179,  -0.97757,  -3.32765,  -0.42086
0.32419,  -0.97783,  -3.27058,  -0.43490
0.29259,  -1.11762,  -3.49303,  -0.50780
0.34746,  -1.02836,  -3.51899,  -0.65003
0.19917,  -0.95934,  -3.46857,  -0.58730
0.36857,  -0.98816,  -3.60786,  -0.79684
0.49773,  -0.86966,  -3.59646,  -0.60998
0.20579,  -0.99347,  -3.60176,  -0.56786
0.42225,  -0.94091,  -3.35680,  -0.69251
0.35052,  -0.94957,  -3.25725,  -0.71057
0.33125,  -1.14716,  -3.35198,  -0.84570
0.37294,  -0.92250,  -3.53196,  -0.67392
0.26809,  -0.96443,  -3.60584,  -0.87778
0.26374,  -1.09050,  -3.26341,  -0.64769
0.34508,  -1.13152,  -3.42124,  -0.71544
0.00184,  -1.12961,  -3.49444,  -1.01668
0.30594,  -0.95005,  -3.78763,  -0.72344
0.30559,  -1.18383,  -3.74395,  -0.92618
0.14330,  -0.89985,  -3.47836,  -0.97505
0.28571,  -0.89633,  -3.64040,  -1.29958
0.18642,  -1.05342,  -3.62144,  -1.12395
0.22468,  -1.03347,  -3.62254,  -1.18900
0.09961,  -1.17582,  -3.89038,  -1.19117
0.35832,  -1.30428,  -3.85011,  -1.23961
-0.02042,  -0.97175,  -3.66031,  -1.23039
0.09357,  -1.11580,  -3.76330,  -1.42599
0.34917,  -1.20071,  -4.02280,  -1.19343
0.33172,  -1.10565,  -3.86196,  -1.26133
0.20996,  -1.18738,  -3.76661,  -1.30683
0.15108,  -1.13397,  -3.78684,  -1.27153
0.12992,  -1.26353,  -3.79409,  -1.53613
-0.16418,  -1.16763,  -3.82650,  -1.45788
0.04539,  -1.06753,  -3.92210,  -1.57099
0.03939,  -1.29634,  -3.89110,  -1.48450
0.20701,  -1.25601,  -4.04840,  -1.68632
-0.01935,  -1.21944,  -3.84273,  -1.35023
0.05212,  -1.26239,  -4.19729,  -1.72372
-0.04843,  -1.36994,  -3.99621,  -1.76300
0.09559,  -1.21524,  -4.16269,  -1.63046
0.01485,  -1.33856,  -4.03503,  -1.78751
-0.02322,  -1.30186,  -4.15049,  -1.68887
0.02162,  -1.38823,  -4.20895,  -1.69944
-0.19166,  -1.26103,  -4.05593,  -1.83480
0.02989,  -1.38374,  -4.15580,  -1.66971
-0.04294,  -1.38250,  -4.27190,  -1.80630
0.03835,  -1.48121,  -4.18173,  -1.80632
-0.05582,  -1.44129,  -4.25553,  -1.74631
0.00023,  -1.42658,  -4.22384,  -1.99965
0.20824,  -1.43815,  -4.26980,  -2.01556
-0.09094,  -1.27275,  -4.32490,  -2.01598
-0.18303,  -1.35057,  -4.34995,  -2.11444
-0.13496,  -1.51939,  -4.14848,  -2.05216
-0.14904,  -1.43656,  -4.29975,  -1.95081
-0.04143,  -1.55029,  -4.29802,  -2.01018
0.02810,  -1.27371,  -4.32481,  -1.99750
-0.16227,  -1.62012,  -4.20279,  -2.16015
-0.26368,  -1.53448,  -4.36935,  -1.92707
-0.15619,  -1.53984,  -4.34120,  -2.12191
-0.24498,  -1.46462,  -4.40794,  -2.05471
-0.18754,  -1.47313,  -4.30505,  -2.05001
-0.27337,  -1.45399,  -4.46582,  -2.07931
-0.26716,  -1.52384,  -4.35292,  -1.94186
-0.26940,  -1.75209,  -4.47424,  -2.02254
-0.38577,  -1.41855,  -4.29538,  -2.05882
-0.13004,  -1.61883,  -4.34344,  -1.99268
-0.31229,  -1.55538,  -4.48390,  -2.01326
-0.25738,  -1.43943,  -4.53516,  -2.12422
-0.34939,  -1.37842,  -4.34002,  -2.10831
-0.22839,  -1.70478,  -4.26269,  -2.09511
-0.32696,  -1.56648,  -4.44038,  -2.02082
-0.35600,  -1.44669,  -4.44053,  -2.15178
-0.27770,  -1.47462,  -4.43367,  -1.85665
-0.17683,  -1.57904,  -4.46646,  -2.00848
-0.32180,  -1.64289,  -4.51129,  -2.11915
-0.17411,  -1.50675,  -4.47237,  -1.97798
-0.18950,  -1.47905,  -4.39135,  -1.81421
-0.17123,  -1.51339,  -4.45915,  -1.96352
-0.12655,  -1.47712,  -4.53568,  -1.75695
-0.28092,  -1.59914,  -4.42241,  -1.69431
-0.20059,  -1.59800,  -4.41209,  -1.89785
-0.37908,  -1.47511,  -4.31597,  -1.99080
-0.16645,  -1.48219,  -4.12934,  -2.02308
-0.34000,  -1.55155,  -4.32279,  -1.96452
-0.25631,  -1.60301,  -4.32354,  -2.06026
-0.07627,  -1.52487,  -4.27909,  -1.91498
-0.23785,  -1.63647,  -4.32725,  -1.85898
-0.15749,  -1.58914,  -4.24328,  -2.07185
-0.09115,  -1.60741,  -4.38854,  -1.94917
-0.07849,  -1.47267,  -4.29293,  -1.81160
0.00145,  -1.31920,  -4.50895,  -1.92496
-0.40188,  -1.49120,  -4.24774,  -1.99667
-0.15533,  -1.46373,  -4.31196,  -1.84187
0.00964,  -1.65656,  -4.30574,  -1.98527
-0.18131,  -1.58300,  -4.30120,  -1.94817
-0.04490,  -1.49073,  -4.40325,  -1.93992
-0.01635,  -1.39938,  -4.33394,  -2.01221
-0.21773,  -1.52155,  -4.41164,  -1.93708
-0.18895,  -1.41005,  -4.22356,  -1.89211
-0.36430,  -1.48276,  -4.41248,  -2.01172
0.05103,  -1.58122,  -4.38916,  -2.03723
-0.17977,  -1.63015,  -4.39694,  -1.97016
-0.25736,  -1.44731,  -4.35224,  -2.15705
-0.09855,  -1.65662,  -4.57445,  -2.13940
-0.22355,  -1.52219,  -4.54701,  -1.87800
-0.11636,  -1.63105,  -4.42561,  -2.24573
-0.14130,  -1.61117,  -4.55803,  -1.95927
-0.07541,  -1.60639,  -4.51890,  -1.96488
-0.12596,  -1.54029,  -4.50307,  -2.05530
-0.03794,  -1.61547,  -4.53530,  -2.00955
-0.29005,  -1.63357,  -4.58221,  -2.02900
-0.12580,  -1.51744,  -4.82286,  -2.04683
-0.22910,  -1.52615,  -4.64909,  -2.01810
-0.15752,  -1.70748,  -4.59606,  -2.04581
-0.08817,  -1.52800,  -4.72989,  -2.04032
-0.22845,  -1.60298,  -4.76905,  -2.15317
-0.22337,  -1.73536,  -4.65427,  -2.38142
-0.03849,  -1.51639,  -4.80593,  -2.15360
-0.25527,  -1.63630,  -4.89052,  -2.16788
-0.01630,  -1.69191,  -4.90067,  -2.11867
-0.22259,  -1.75120,  -4.97317,  -2.27402
-0.17711,  -1.66022,  -4.96937,  -2.16403
-0.14700,  -1.66164,  -4.94563,  -2.21175
-0.09596,  -1.71695,  -5.07416,  -2.09813
-0.18487,  -1.80587,  -4.99166,  -2.16388
-0.11312,  -1.69339,  -5.18957,  -2.39481
-0.18618,  -1.58008,  -4.99637,  -2.22387
0.01193,  -1.82339,  -5.35312,  -2.18681
0.03484,  -1.82376,  -5.30321,  -2.21202
-0.14266,  -1.84562,  -5.26593,  -2.33906
-0.01521,  -1.71422,  -5.19827,  -2.26843
-0.17652,  -1.80004,  -5.42985,  -2.23012
-0.09444,  -1.78046,  -5.48310,  -2.28449
-0.13044,  -1.86010,  -5.42336,  -2.38226
-0.12377,  -1.85619,  -5.64873,  -2.29039
-0.08077,  -1.86380,  -5.60524,  -2.29348
-0.16740,  -2.02868,  -5.46602,  -2.25735
-0.24698,  -1.99278,  -5.73594,  -2.32811
-0.07604,  -1.79683,  -5.78294,  -2.17141
-0.15906,  -1.81694,  -5.82877,  -2.26120
-0.25593,  -1.92709,  -5.79787,  -2.44905
-0.05692,  -2.00581,  -5.94828,  -2.24848
-0.05111,  -1.96782,  -6.04319,  -2.38889
-0.05834,  -2.04452,  -6.08014,  -2.11912
-0.03115,  -1.98743,  -6.00480,  -2.26242
-0.02847,  -2.17769,  -6.19080,  -2.24294
-0.03435,  -1.85402,  -6.19333,  -2.31348
-0.20554,  -2.12687,  -6.13496,  -2.17661
-0.04133,  -2.14687,  -6.22858,  -2.03924
-0.00656,  -2.20789,  -6.45865,  -2.22213
-0.06309,  -2.01383,  -6.42528,  -2.29642
0.03500,  -2.20078,  -6.45294,  -2.18519
-0.11714,  -2.14804,  -6.38638,  -2.05367
-0.11070,  -2.02044,  -6.52318,  -2.11077
0.02634,  -2.03635,  -6.58275,  -2.22272
0.11693,  -2.30818,  -6.51221,  -2.17861
-0.06946,  -2.28240,  -6.58562,  -2.10791
0.04553,  -2.19412,  -6.60923,  -2.25218
-0.11989,  -2.28975,  -6.63461,  -2.10729
-0.04285,  -2.07880,  -6.67606,  -2.26537
0.09768,  -2.12888,  -6.62536,  -2.16320
-0.00425,  -2.17139,  -6.57375,  -2.32068
0.05200,  -1.99509,  -6.73994,  -2.35359
-0.05820,  -2.18201,  -6.59592,  -2.46384
-0.10787,  -2.35971,  -6.71626,  -2.48506
-0.00501,  -2.38546,  -6.80950,  -2.29057
0.02187,  -2.17431,  -6.84140,  -2.34263
-0.08499,  -2.39392,  -6.84063,  -2.38128
-0.11832,  -2.23516,  -6.77812,  -2.36605
0.01616,  -2.42257,  -6.74519,  -2.54230
0.01602,  -2.16396,  -6.80298,  -2.53724
-0.04443,  -2.24193,  -6.69018,  -2.53807
-0.01521,  -2.29931,  -6.67863,  -2.47466
0.08342,  -2.25289,  -6.87294,  -2.72188
-0.01310,  -2.24026,  -6.74234,  -2.66637
-0.07963,  -2.31952,  -6.78649,  -2.60463
-0.01142,  -2.27735,  -6.84926,  -2.74722
0.02437,  -2.18973,  -6.71179,  -2.61727
-0.00936,  -2.29542,  -6.71862,  -2.50161
-0.12947,  -2.22559,  -6.71052,  -2.65669
-0.04239,  -2.01630,  -6.56450,  -2.71399
-0.21207,  -2.13750,  -6.75688,  -2.95907
-0.18984,  -2.23146,  -6.79095,  -2.82394
-0.25010,  -2.14731,  -6.72729,  -3.14665
-0.41094,  -2.20773,  -6.47897,  -3.27842
-0.34159,  -2.33115,  -6.42746,  -3.08088
-0.13061,  -2.30022,  -6.58869,  -3.20021
-0.40090,  -2.40079,  -6.47131,  -3.17396
-0.12574,  -2.05117,  -6.25948,  -3.27188
-0.31457,  -2.24790,  -6.47602,  -3.42662
-0.29891,  -2.21181,  -6.21631,  -3.71552
-0.30375,  -2.29573,  -6.34235,  -3.51763
-0.37480,  -2.14018,  -6.29401,  -3.62706
-0.34917,  -2.15026,  -6.29547,  -3.53694
-0.35389,  -2.23387,  -6.21876,  -3.57445
-0.46633,  -2.17777,  -6.24089,  -3.59875
-0.65280,  -2.08871,  -6.13973,  -3.77142
-0.42444,  -2.21644,  -6.10756,  -3.89993
-0.48266,  -2.32309,  -6.04082,  -4.10881
-0.93939,  -2.28907,  -6.11673,  -3.98117
-0.56787,  -2.24512,  -5.90719,  -4.15607
-0.49577,  -2.28006,  -5.89030,  -4.17762
-0.79443,  -1.97531,  -6.02337,  -4.03995
-0.66049,  -2.34449,  -5.75532,  -4.23957
-0.81175,  -2.26094,  -5.96056,  -4.41933
-0.71565,  -2.12019,  -5.96050,  -4.35326
-0.98727,  -2.25495,  -5.77677,  -4.33437
-0.82377,  -2.09827,  -5.81500,  -4.40057
-0.68386,  -2.14899,  -5.84359,  -4.46630
-0.90510,  -2.18480,  -5.81299,  -4.55004
-0.95317,  -2.29183,  -6.05456,  -4.40656
-0.85176,  -2.20265,  -5.86947,  -4.70942
-0.88834,  -2.27730,  -5.74901,  -4.65799
-0.86917,  -2.27737,  -5.70697,  -4.65834
-0.93031,  -2.40826,  -5.96278,  -4.59997
-1.06019,  -2.31289,  -5.61357,  -4.77747
-1.00916,  -2.29472,  -5.79214,  -4.59414
-0.96139,  -2.17249,  -5.67721,  -4.82093
-1.17012,  -2.19796,  -5.65773,  -5.01248
-1.22118,  -2.19832,  -5.58192,  -4.73443
-1.12141,  -2.40562,  -5.89384,  -4.98933
-1.15629,  -2.04151,  -5.66630,  -4.77080
-1.18858,  -2.10786,  -5.56725,  -4.77908
-1.24441,  -2.14584,  -5.73136,  -4.90143
-1.21240,  -2.24918,  -5.53594,  -4.90596
-1.14584,  -2.19520,  -5.54284,  -4.91336
-1.13898,  -2.20010,  -5.67955,  -4.91326
-1.13982,  -2.26949,  -5.60867,  -5.13935
-1.31152,  -2.29336,  -5.59751,  -5.07329
-1.22944,  -2.25920,  -5.79750,  -4.94522
-1.22401,  -2.29987,  -5.65534,  -4.89206
-1.25532,  -2.08142,  -5.54478,  -4.93212
-1.26076,  -2.13103,  -5.75881,  -5.03446
-1.26090,  -2.15648,  -5.78736,  -5.10192
-1.20068,  -2.45377,  -5.72290,  -4.84154
-1.20318,  -2.40159,  -5.77960,  -4.93335
-1.44348,  -2.30279,  -5.57985,  -4.85742
-1.33673,  -2.16001,  -5.74210,  -4.89490
-1.20272,  -2.38212,  -5.90715,  -5.03022
-1.39991,  -2.27264,  -5.73846,  -4.89255
-1.27823,  -2.38156,  -5.75307,  -4.98615
-1.44191,  -2.51610,  -5.81442,  -4.93521
-1.31980,  -2.28448,  -5.83142,  -4.83015
-1.33498,  -2.26429,  -5.75326,  -4.79496
-1.28492,  -2.31403,  -5.60620,  -4.83011
-1.50533,  -2.35011,  -5.84867,  -4.97555
-1.26440,  -2.29512,  -5.93793,  -4.78970
-1.32882,  -2.67221,  -5.79600,  -4.90138
-1.39908,  -2.12275,  -5.99897,  -4.79091
-1.17833,  -2.38167,  -6.01330,  -4.70832
-1.13690,  -2.22693,  -6.04693,  -4.92766
-1.27209,  -2.38755,  -6.00979,  -4.83817
-1.28435,  -2.38750,  -6.12433,  -4.93264
-1.16195,  -2.42899,  -6.00658,  -4.78356
-1.22250,  -2.49786,  -5.98280,  -4.83788
-1.31870,  -2.54560,  -5.99910,  -4.76732
-1.27498,  -2.52343,  -6.06907,  -4.65549
-1.13719,  -2.14022,  -6.23737,  -4.66753
-1.16993,  -2.52929,  -6.06396,  -4.74507
-1.43001,  -2.49592,  -6.13956,  -4.82738
-1.12630,  -2.60867,  -6.25788,  -4.68949
-1.12942,  -2.38612,  -5.96079,  -4.83411
-1.14069,  -2.40458,  -5.96885,  -4.68465
-1.13635,  -2.47487,  -6.25516,  -4.71567
-1.29074,  -2.41016,  -6.13655,  -4.59598
-1.07152,  -2.42199,  -6.11504,  -4.63305
-1.07378,  -2.57073,  -6.16553,  -4.45534
-1.06200,  -2.44009,  -6.39401,  -4.59375
-1.05256,  -2.48661,  -6.18756,  -4.85318
-1.37887,  -2.55132,  -6.21544,  -4.34783
-1.11514,  -2.40691,  -6.00213,  -4.59184
-1.15938,  -2.50099,  -6.15621,  -4.58208
-1.20085,  -2.48283,  -6.09750,  -4.75742
-1.05762,  -2.33424,  -6.20405,  -4.68389
-1.16019,  -2.39867,  -6.09769,  -4.57655
-1.08573,  -2.42957,  -6.00633,  -4.55486
-1.07409,  -2.43084,  -5.98928,  -4.63234
-0.95285,  -2.50240,  -5.94212,  -4.59371
-1.02178,  -2.31590,  -6.05428,  -4.50749
-1.05371,  -2.30069,  -6.03066,  -4.57929
-1.07372,  -2.28390,  -6.15324,  -4.61321
-1.07081,  -2.60430,  -6.15940,  -4.61965
-0.95141,  -2.43288,  -6.15045,  -4.59076
-1.20023,  -2.41595,  -6.22571,  -4.36881
-1.08316,  -2.42998,  -6.02173,  -4.60411
-0.97056,  -2.32120,  -6.16774,  -4.64431
-1.01654,  -2.31513,  -6.14156,  -4.82112
-1.12825,  -2.38521,  -6.15855,  -4.48787
-1.22155,  -2.32526,  -6.08127,  -4.45820
-1.03800,  -2.40996,  -6.05858,  -4.48937
-1.03639,  -2.35991,  -6.00205,  -4.56100
-1.23425,  -2.35538,  -6.03995,  -4.47854
-0.96455,  -2.37348,  -6.08021,  -4.29633
-1.05900,  -2.30157,  -5.96971,  -4.45356
-1.05829,  -2.30733,  -5.93807,  -4.41164
-1.01304,  -2.30868,  -6.06898,  -4.63200
-0.96095,  -2.36920,  -6.00962,  -4.50377
-1.06780,  -2.31917,  -5.96292,  -4.57996
-1.24025,  -2.19915,  -5.90247,  -4.46446
-1.02111,  -2.47505,  -6.05040,  -4.49963
-0.93737,  -2.31343,  -5.98235,  -4.39795
-1.07965,  -2.58709,  -6.19535,  -4.60021
-1.12933,  -2.42851,  -5.99621,  -4.63529
-1.00717,  -2.47034,  -6.08332,  -4.37101
-1.20907,  -2.29801,  -5.95999,  -4.44687
-1.12033,  -2.40554,  -5.86378,  -4.34821
-1.10776,  -2.38539,  -6.13094,  -4.27773
-0.92321,  -2.36048,  -5.81519,  -4.36958
-1.06343,  -2.26500,  -6.06802,  -4.27398
-1.05662,  -2.32206,  -5.99417,  -4.43272
-1.13240,  -2.26119,  -6.15005,  -4.39111
-0.93456,  -2.30178,  -5.94089,  -4.43622
-1.02142,  -2.17920,  -6.03254,  -4.30900
-1.02662,  -2.10020,  -6.17074,  -4.27285
-1.00214,  -2.44494,  -6.09075,  -4.34854
-0.91943,  -2.39048,  -5.91298,  -4.20051
-0.95408,  -2.45531,  -6.11546,  -4.25985
-1.01792,  -2.45727,  -6.11674,  -4.29989
-0.97212,  -2.31369,  -6.03593,  -4.36602
-1.09832,  -2.23706,  -5.91642,  -4.39132
-1.01163,  -2.38148,  -6.08204,  -4.16526
-0.93903,  -2.49896,  -6.04858,  -4.04446
-1.18229,  -2.15122,  -6.05999,  -3.94885
-0.79384,  -2.38232,  -6.19046,  -4.14997
-1.03654,  -2.39229,  -5.77953,  -4.04214
-0.99088,  -2.29088,  -5.81796,  -4.14434
-0.99241,  -2.18956,  -5.84445,  -4.17732
-1.17614,  -2.20494,  -6.01801,  -4.17570
-0.81161,  -2.03121,  -5.93612,  -3.96646
-1.04185,  -2.25252,  -5.67308,  -4.14211
-0.94939,  -2.36421,  -6.06094,  -4.10355
-1.21143,  -2.35462,  -6.00807,  -4.00246
-1.01048,  -2.24231,  -5.77883,  -4.18416
-0.99250,  -2.24868,  -5.73085,  -4.04151
-0.98184,  -2.22838,  -5.39475,  -4.05181
-1.16840,  -2.23827,  -5.67312,  -4.02203
-1.07704,  -2.14768,  -5.39811,  -4.12005
-1.03075,  -2.06813,  -5.29457,  -3.95513
-0.88986,  -2.39745,  -5.46823,  -3.87810
-1.06439,  -2.07691,  -5.18777,  -4.13879
-1.04420,  -2.23271,  -5.56873,  -3.82857
-1.12855,  -2.07328,  -5.41983,  -3.95992
-1.06603,  -2.16130,  -5.29648,  -4.01223
-1.06803,  -2.00025,  -5.20549,  -3.85478
-0.79064,  -1.97247,  -5.12645,  -4.02802
-1.10418,  -1.99928,  -5.01714,  -3.84904
-1.18182,  -2.14491,  -4.97882,  -3.89045
-0.92800,  -1.83515,  -4.82068,  -3.78295
-1.36715,  -2.09102,  -4.82178,  -3.97844
-1.05524,  -1.79075,  -4.65937,  -3.91133
-1.02991,  -1.83046,  -4.55077,  -3.94310
-1.22961,  -1.78830,  -4.46493,  -3.98214
-1.18243,  -1.85675,  -4.29018,  -3.83414
-1.14295,  -1.96359,  -4.27943,  -3.87952
-1.24084,  -1.72091,  -4.18007,  -3.89506
-1.35610,  -1.82128,  -4.01306,  -3.88278
-1.25198,  -1.66548,  -3.96373,  -3.81807
-1.12102,  -1.61177,  -3.88088,  -3.70939
-1.34133,  -1.69293,  -3.79553,  -3.96065
-1.07990,  -1.60903,  -3.69368,  -3.76295
-1.12300,  -1.62810,  -3.62734,  -3.95965
-1.38730,  -1.58230,  -3.44293,  -3.82581
-1.35890,  -1.62244,  -3.33754,  -3.96840
-1.35799,  -1.36852,  -3.40725,  -3.75440
-1.36253,  -1.37869,  -3.21399,  -3.78856
-1.25147,  -1.21545,  -3.03435,  -3.60670
-1.44590,  -1.69034,  -2.78570,  -3.81115
-1.50895,  -1.27467,  -2.70312,  -3.73763
-1.33724,  -1.08132,  -2.54772,  -3.81672
-1.55064,  -1.38211,  -2.61521,  -3.67366
-1.25944,  -1.24214,  -2.44378,  -3.76977
-1.47465,  -0.98336,  -2.27632,  -3.76234
-1.51105,  -1.19522,  -2.33054,  -3.50327
-1.42929,  -1.15191,  -2.01572,  -3.60146
-1.35827,  -1.32329,  -2.02811,  -3.53317
-1.32920,  -1.11112,  -1.91735,  -3.68779
-1.31112,  -1.05990,  -1.76630,  -3.49756
-1.52609,  -1.12108,  -1.61678,  -3.52256
-1.46544,  -1.12399,  -1.46656,  -3.55793
-1.43560,  -1.00660,  -1.53330,  -3.67484
-1.30204,  -0.74444,  -1.26165,  -3.54087
-1.64374,  -0.89588,  -1.04540,  -3.35986
-1.48694,  -0.84814,  -1.18758,  -3.52226
-1.39441,  -0.77898,  -0.89643,  -3.56365
-1.64065,  -0.78160,  -0.69450,  -3.65800
-1.47713,  -0.77547,  -0.83878,  -3.54748
-1.53210,  -0.66111,  -0.61449,  -3.39181
-1.49012,  -0.74876,  -0.47293,  -3.33333
-1.56820,  -0.74047,  -0.48375,  -3.54846
-1.59617,  -0.65329,  -0.35537,  -3.31479
-1.58616,  -0.71119,  -0.30936,  -3.39548
-1.53242,  -0.76207,  -0.19199,  -3.31402
-1.69959,  -0.73283,  -0.01483,  -3.22564
-1.54981,  -0.54544,  -0.21801,  -3.54553
-1.51999,  -0.53784,  -0.14033,  -3.09720
-1.56409,  -0.42261,  0.03500,  -3.31069
-1.64654,  -0.40370,  0.00081,  -3.24263
-1.61581,  -0.40459,  0.11163,  -3.23119
-1.53390,  -0.37854,  0.34175,  -3.16969
-1.55713,  -0.35393,  0.22707,  -3.34433
-1.51454,  -0.18796,  0.23236,  -3.07756
-1.45854,  -0.44290,  0.17817,  -3.10253
-1.62843,  -0.23389,  0.41548,  -3.24386
-1.51164,  -0.22802,  0.59714,  -3.02975
-1.53972,  -0.32662,  0.40048,  -3.12394
-1.78217,  -0.39481,  0.66126,  -3.18730
-1.66898,  -0.34919,  0.70413,  -3.27322
-1.48707,  -0.44670,  0.59982,  -3.12509
-1.64210,  -0.21301,  0.57811,  -3.32148
-1.56628,  -0.50711,  0.76868,  -3.24063
-1.42629,  -0.14217,  0.87573,  -3.28287
-1.62498,  -0.16012,  0.81501,  -3.34050
-1.47021,  -0.26749,  0.77519,  -3.33462
-1.55927,  -0.32585,  0.94274,  -3.22931
-1.57643,  -0.17636,  0.90482,  -3.15656
-1.62741,  -0.22563,  0.84045,  -3.20850
-1.55227,  -0.28418,  0.89240,  -3.40414
-1.38094,  -0.37615,  0.83438,  -3.46029
-1.46526,  -0.17680,  1.06347,  -3.30988
-1.53527,  -0.21896,  1.11633,  -3.44431
-1.38588,  -0.19840,  1.00442,  -3.46513
-1.70142,  -0.17615,  1.11290,  -3.36280
-1.61689,  -0.17136,  1.02952,  -3.33762
-1.52360,  -0.08133,  0.98219,  -3.37753
-1.67196,  -0.00073,  1.00715,  -3.42959
-1.50627,  -0.35137,  1.09707,  -3.51938
-1.50765,  -0.08641,  1.19825,  -3.34391
-1.35759,  -0.11324,  1.17880,  -3.70927
-1.71596,  0.01227,  1.19815,  -3.70359
-1.70962,  -0.16910,  1.26017,  -3.48196
-1.63018,  -0.29976,  1.07641,  -3.80452
-1.64031,  0.03989,  1.33491,  -3.69266
-1.69856,  -0.11941,  1.37554,  -3.79426
-1.65925,  -0.04546,  1.11134,  -3.79397
-1.69000,  -0.08915,  1.08172,  -3.82875
-1.67798,  -0.12631,  1.15466,  -3.95489
-1.64347,  -0.20337,  1.19397,  -3.84592
-1.76818,  -0.03249,  1.21382,  -3.85603
-1.71871,  -0.07013,  1.30702,  -4.05865
-1.74035,  -0.11700,  1.47653,  -4.04890
-1.77399,  -0.26934,  1.43050,  -4.06543
-1.81742,  -0.12143,  1.34913,  -3.98751
-1.85763,  -0.23789,  1.36555,  -3.97832
-1.88871,  -0.10177,  1.50100,  -4.26933
-1.85918,  -0.14045,  1.50551,  -4.12892
-1.79326,  0.01488,  1.56845,  -4.12900
-1.97345,  -0.33574,  1.47359,  -4.13144
-1.78696,  -0.18436,  1.43657,  -4.42802
-1.79782,  0.00746,  1.62191,  -4.21374
-1.85420,  -0.12704,  1.50921,  -4.23272
-1.96515,  -0.37957,  1.53792,  -4.36206
-1.93698,  -0.10108,  1.56659,  -4.24319
-2.06611,  -0.20429,  1.75531,  -4.29397
-1.88768,  0.08807,  1.52759,  -4.28137
-1.89580,  -0.08110,  1.75332,  -4.34464
-2.23802,  -0.20488,  1.68719,  -4.39119
-2.15649,  -0.16627,  1.69404,  -4.37595
-2.05532,  -0.12891,  1.73230,  -4.43059
-1.94139,  0.03523,  1.80841,  -4.58041
-2.26260,  -0.16917,  1.74282,  -4.49498
-2.03838,  0.06381,  1.84610,  -4.63206
-2.16279,  -0.01980,  2.02462,  -4.65074
-1.96842,  -0.11830,  1.86095,  -4.46730
-2.08216,  -0.09881,  1.75755,  -4.63422
-2.09439,  -0.24022,  1.93352,  -4.58611
-2.06729,  -0.09085,  1.98267,  -4.59242
-2.15311,  -0.20125,  1.92624,  -4.51518
-2.23194,  -0.12049,  2.00663,  -4.68162
-2.11447,  -0.05557,  2.01030,  -4.77669
-2.29746,  0.08548,  1.81009,  -4.83433
-2.13118,  0.01380,  1.96544,  -4.72461
-2.43453,  0.04389,  1.78457,  -4.66489
-2.09742,  -0.03818,  2.08884,  -4.72970
-2.41125,  -0.04816,  2.04940,  -4.52421
-2.15259,  -0.04515,  2.03870,  -4.62908
-2.21947,  -0.14148,  1.90023,  -4.78627
-2.32729,  -0.08135,  2.01083,  -4.58638
-2.14104,  -0.06538,  1.84598,  -4.45113
-2.27847,  -0.03881,  2.10452,  -4.59125
-2.35933,  -0.19499,  1.93727,  -4.59006
-2.37468,  -0.05340,  2.08889,  -4.46553
-2.35520,  -0.23548,  2.20967,  -4.59552
-2.32215,  -0.11046,  2.15183,  -4.79334
-2.19678,  -0.04516,  2.11097,  -4.62546
-2.28833,  -0.16104,  2.05412,  -4.64793
-2.30547,  -0.19909,  2.00385,  -4.62902
-2.18167,  -0.00984,  1.96039,  -4.51402
-2.20654,  -0.28644,  1.99178,  -4.62382
-2.34086,  -0.03847,  2.01332,  -4.65770
-2.34263,  -0.02443,  1.98063,  -4.74637
-2.35611,  -0.11949,  1.92188,  -4.71891
-2.22256,  0.05002,  1.74279,  -4.71804
-2.26432,  -0.01123,  1.79872,  -4.62648
-2.14173,  -0.13469,  1.91948,  -4.50536
-2.25059,  -0.03218,  1.91989,  -4.49552
-2.13789,  -0.31966,  1.94462,  -4.47922
-2.25958,  0.14718,  2.16225,  -4.68949
-2.27879,  -0.22610,  1.82215,  -4.57838
-2.16690,  -0.11007,  1.75599,  -4.53060
-2.25197,  -0.21460,  1.79414,  -4.58747
-2.33724,  -0.06057,  1.80117,  -4.65617
-2.21212,  -0.00528,  1.82366,  -4.68934
-2.28767,  -0.13152,  1.71618,  -4.81799
-2.13818,  -0.19525,  1.63558,  -4.64513
-2.18012,  -0.16744,  1.71528,  -4.68239
-2.19958,  -0.14891,  1.81730,  -4.77978
-2.23301,  -0.27409,  1.76171,  -4.76870
-2.04412,  -0.17327,  1.79466,  -4.95959
-2.19899,  -0.37639,  1.60748,  -4.77790
-2.23638,  -0.01620,  1.57704,  -4.95794
-2.14297,  -0.28528,  1.77369,  -4.86932
-2.04620,  -0.21379,  1.61871,  -4.78469
-2.24751,  -0.07027,  1.64380,  -4.75226
-2.44425,  -0.28112,  1.59305,  -4.85438
-2.00878,  -0.25609,  1.25806,  -4.63186
-2.30514,  -0.15937,  1.46670,  -5.00813
-2.16176,  -0.28923,  1.58167,  -4.99988
-2.37836,  -0.18513,  1.56019,  -5.03324
-2.22842,  -0.31158,  1.52211,  -4.99320
-2.07305,  -0.10021,  1.59819,  -5.12913
-2.40207,  -0.14697,  1.44265,  -5.03184
-2.07474,  -0.20309,  1.37654,  -5.01726
-2.28189,  -0.05359,  1.38082,  -5.04322
-2.40248,  -0.20772,  1.52612,  -5.15643
-2.30796,  -0.25393,  1.33286,  -5.10266
-2.33394,  -0.34224,  1.25301,  -4.99190
-2.28801,  -0.39802,  1.51289,  -5.10303
-2.34913,  -0.30532,  1.60887,  -5.17678
-2.24249,  -0.33631,  1.36140,  -4.91506
-2.35494,  -0.30456,  1.42279,  -5.36813
-2.46910,  -0.35365,  1.43895,  -4.93498
-2.22802,  -0.24949,  1.43499,  -5.08020
-2.50947,  -0.20986,  1.49007,  -5.02245
-2.28342,  -0.30319,  1.49156,  -5.05919
-2.33050,  -0.33580,  1.27901,  -5.13351
-2.34535,  -0.42316,  1.47566,  -5.00304
-2.25883,  -0.16383,  1.26181,  -4.90360
-2.42377,  -0.37523,  1.45075,  -5.04386
-2.23098,  -0.12032,  1.55849,  -5.19021
-2.27369,  -0.34811,  1.45625,  -5.01650
-2.46613,  -0.03182,  1.51307,  -5.18438
-2.32590,  -0.32294,  1.49392,  -5.03566
-2.45879,  -0.43771,  1.45989,  -5.12859
-2.37180,  -0.34422,  1.59860,  -5.22491
-2.39022,  -0.59861,  1.49436,  -5.14184
-2.39997,  -0.23003,  1.39905,  -5.21800
-2.46184,  -0.27649,  1.50716,  -4.97044
-2.28149,  -0.42699,  1.62254,  -5.09208
-2.49252,  -0.40239,  1.51600,  -4.98350
-2.40287,  -0.21768,  1.69479,  -5.19372
-2.31010,  -0.24558,  1.57101,  -5.09258
-2.27101,  -0.27574,  1.49445,  -5.10523
-2.44570,  -0.29153,  1.46770,  -4.99355
-2.37781,  -0.22859,  1.60599,  -5.27151
-2.35307,  -0.20354,  1.71157,  -5.08295
-2.48146,  -0.27518,  1.53378,  -5.07090
-2.56223,  -0.31635,  1.64940,  -4.97005
-2.40080,  -0.31481,  1.79130,  -4.98986
-2.37158,  -0.30876,  1.64305,  -5.11348
-2.37704,  -0.31065,  1.58011,  -4.97801
-2.37857,  -0.24143,  1.69587,  -5.19892
-2.38970,  -0.26953,  1.62069,  -5.13274
-2.35829,  -0.34390,  1.62464,  -5.20771
-2.42565,  -0.29950,  1.66532,  -4.84192
-2.65714,  -0.32394,  1.63482,  -5.01176
-2.45736,  -0.34165,  1.69042,  -5.01353
-2.52045,  -0.25266,  1.78700,  -5.10691
-2.38985,  -0.25870,  1.84119,  -5.04611
-2.30029,  -0.31257,  1.69255,  -4.88315
-2.33118,  -0.41422,  1.54438,  -5.12038
-2.46256,  -0.35712,  1.71569,  -5.32218
-2.44039,  -0.22661,  1.45466,  -5.14032
-2.39519,  -0.15206,  1.80268,  -5.29431
-2.19205,  -0.25902,  1.59551,  -5.03208
-2.50358,  -0.27868,  1.56142,  -5.08719
-2.35095,  -0.09242,  1.59592,  -5.32891
-2.38774,  -0.16308,  1.70881,  -5.15651
-2.59906,  -0.28724,  1.66017,  -5.20374
-2.43652,  -0.36425,  1.75281,  -5.14459
-2.28657,  -0.30065,  1.59276,  -5.30697
-2.40067,  -0.31589,  1.59790,  -5.13632
-2.46794,  -0.35264,  1.41627,  -5.39591
-2.24289,  -0.29094,  1.67895,  -5.52077
-2.45887,  -0.49376,  1.63156,  -5.32698
-2.35513,  -0.15819,  1.43523,  -5.37590
-2.41387,  -0.50582,  1.67429,  -5.23633
-2.42293,  -0.53074,  1.30969,  -5.19007
-2.36952,  -0.38056,  1.24873,  -5.34527
-2.47615,  -0.30382,  1.34793,  -5.56120
-2.34623,  -0.36899,  1.32163,  -5.40704
-2.35760,  -0.41164,  1.18947,  -5.36813
-2.43745,  -0.38410,  1.27155,  -5.36935
-2.46523,  -0.52123,  1.32298,  -5.30371
-2.42983,  -0.47151,  1.19662,  -5.42182
-2.32397,  -0.23949,  1.16335,  -5.43782
-2.35578,  -0.31257,  1.16583,  -5.52145
-2.23353,  -0.34754,  1.01486,  -5.40580
-2.22924,  -0.47006,  0.83343,  -5.49474
-2.34913,  -0.43905,  0.94123,  -5.37385
-2.49951,  -0.53481,  0.94845,  -5.31154
-2.22752,  -0.40361,  0.73848,  -5.39925
-2.40734,  -0.40551,  0.78623,  -5.48275
-2.29448,  -0.59216,  0.93117,  -5.39114
-2.36559,  -0.48459,  0.70481,  -5.27208
-2.45549,  -0.40606,  0.71617,  -5.25751
-2.39372,  -0.52952,  0.46276,  -5.25408
-2.50743,  -0.71366,  0.51090,  -5.31651
-2.20402,  -0.56953,  0.46281,  -5.38026
-2.17043,  -0.53456,  0.33739,  -5.18927
-2.32136,  -0.60426,  0.48031,  -5.19692
-2.36265,  -0.55177,  0.33047,  -5.18089
-2.09765,  -0.82152,  0.22113,  -5.28921
-2.24616,  -0.51152,  0.11602,  -5.16138
-2.16251,  -0.73269,  0.06405,  -5.12471
-2.32333,  -0.84637,  0.01536,  -5.07979
-2.20744,  -0.69025,  -0.05874,  -5.19618
-2.27704,  -0.87101,  -0.07789,  -4.81354
-2.25345,  -0.84112,  -0.14943,  -5.05140
-2.21191,  -0.86467,  -0.16814,  -4.90797
-2.27195,  -0.70028,  -0.26726,  -4.88041
-2.26018,  -0.84436,  -0.16317,  -4.85112
-2.06868,  -0.77368,  -0.46173,  -4.74970
-2.25607,  -0.86028,  -0.59046,  -4.74888
-1.91531,  -0.88217,  -0.37119,  -4.74400
-2.07925,  -0.81772,  -0.38485,  -4.50105
-2.26619,  -0.98049,  -0.40685,  -4.68123
-1.94134,  -0.76084,  -0.44092,  -4.73288
-1.97106,  -0.85720,  -0.54520,  -4.40590
-2.03418,  -0.86056,  -0.59652,  -4.26960
-1.95567,  -0.84349,  -0.58444,  -4.40808
-2.05636,  -0.65512,  -0.83295,  -4.18354
-2.03558,  -0.93794,  -0.82889,  -3.94969
-1.86539,  -1.04456,  -0.90546,  -3.96442
-2.00229,  -0.94020,  -0.96999,  -3.87280
-1.95904,  -0.92551,  -1.02492,  -3.78678
-1.88679,  -1.09287,  -1.34474,  -3.69816
-1.81557,  -1.14613,  -1.23186,  -3.81268
-1.71627,  -0.77711,  -1.20631,  -3.71687
-1.64370,  -0.98317,  -1.30982,  -3.56832
-1.80224,  -1.03641,  -1.21286,  -3.49573
-1.58766,  -1.05847,  -1.28973,  -3.21418
-1.60056,  -0.96180,  -1.41308,  -3.17128
-1.51105,  -0.94116,  -1.32114,  -3.08486
-1.30014,  -0.81171,  -1.37432,  -3.00655
-1.45919,  -1.13356,  -1.47778,  -3.08856
-1.36731,  -1.01651,  -1.48939,  -2.94290
-1.39493,  -1.07424,  -1.77077,  -2.79486
-1.20039,  -0.96209,  -1.65827,  -2.76831
-1.31605,  -0.99959,  -1.74439,  -2.74251
-1.23726,  -0.75722,  -1.80923,  -2.59591
-1.29601,  -0.85939,  -1.72714,  -2.72720
-1.06631,  -1.07514,  -1.77068,  -2.50857
-1.27845,  -0.81210,  -1.87855,  -2.41761
-1.21929,  -1.14743,  -1.82349,  -2.38259
-1.11686,  -1.06031,  -1.86124,  -2.27669
-0.92394,  -0.90877,  -2.07605,  -2.19459
-0.93479,  -1.04008,  -1.93799,  -2.08087
-0.91403,  -1.07412,  -1.73433,  -2.15775
-1.00882,  -0.91186,  -1.99648,  -2.06841
-0.78342,  -1.12801,  -2.15786,  -2.06378
-0.93720,  -0.86493,  -2.10567,  -2.18226
-0.77326,  -1.07315,  -1.95489,  -1.84329
-0.76705,  -1.03151,  -2.20356,  -1.93271
-0.78600,  -0.94827,  -2.21830,  -1.85309
-0.61202,  -0.96978,  -2.00444,  -1.64191
-0.55863,  -1.07349,  -2.08662,  -1.61512
-0.69815,  -0.93136,  -2.40957,  -1.66774
-0.71389,  -0.81981,  -2.60209,  -1.73450
-0.59991,  -0.92645,  -2.32794,  -1.88509
-0.50422,  -0.94061,  -2.34686,  -1.57818
-0.47511,  -0.95284,  -2.26295,  -1.68512
-0.41615,  -1.01209,  -2.48320,  -1.68024
-0.55074,  -0.94940,  -2.50819,  -1.58990
-0.46934,  -1.01800,  -2.41705,  -1.53990
-0.38889,  -1.01887,  -2.50534,  -1.49019
-0.37508,  -0.95317,  -2.50833,  -1.44694
-0.38316,  -0.93285,  -2.53083,  -1.54483
-0.62477,  -0.87778,  -2.67055,  -1.45438
-0.32475,  -0.81873,  -2.60854,  -1.59006
-0.26762,  -0.82354,  -2.72069,  -1.49956
-0.46281,  -1.08384,  -2.56948,  -1.52936
-0.36347,  -1.18020,  -2.74503,  -1.34621
-0.43973,  -1.03554,  -2.66186,  -1.58010
-0.27739,  -0.97956,  -2.80283,  -1.47611
-0.14834,  -1.12173,  -2.66414,  -1.47516
-0.21536,  -0.84306,  -2.82879,  -1.43188
-0.20639,  -1.09534,  -2.93524,  -1.53970
-0.08800,  -0.94245,  -2.76165,  -1.51168
-0.19223,  -0.97848,  -3.00303,  -1.52062
-0.20209,  -1.00249,  -3.08645,  -1.60491
-0.33851,  -1.15337,  -2.76363,  -1.61197
0.03084,  -1.20771,  -2.96874,  -1.69653
-0.21871,  -1.10501,  -2.84173,  -1.66362
-0.27519,  -1.09350,  -3.09893,  -1.63313
-0.18295,  -0.99907,  -3.11656,  -1.47947
-0.05000,  -1.15371,  -3.03934,  -1.56447
-0.20750,  -1.16288,  -3.26349,  -1.65926
-0.16641,  -0.99053,  -3.28373,  -1.66420
-0.03272,  -1.08208,  -3.15431,  -1.75805
0.08996,  -0.95508,  -3.13349,  -1.74110
0.10858,  -0.96828,  -3.37182,  -1.63351
-0.07665,  -1.01965,  -3.40764,  -1.73243
-0.13529,  -1.12920,  -3.17493,  -1.65087
-0.03290,  -1.20613,  -3.32455,  -1.56891
-0.10974,  -1.33651,  -3.54007,  -1.61856
-0.15092,  -1.29644,  -3.47452,  -1.79250
-0.22169,  -1.15068,  -3.50558,  -1.68139
-0.05539,  -1.22256,  -3.46691,  -1.68976
-0.01699,  -1.41017,  -3.53708,  -1.68488
-0.03813,  -1.24036,  -3.48008,  -1.70251
-0.07485,  -1.25266,  -3.49478,  -1.73801
-0.24057,  -1.41694,  -3.75705,  -1.49307
-0.14660,  -1.14698,  -3.57624,  -1.87908
-0.07721,  -1.28453,  -3.84604,  -1.72470
-0.07955,  -1.25460,  -3.97384,  -1.81398
-0.14381,  -1.40012,  -3.86092,  -1.71288
-0.26583,  -1.49548,  -3.75344,  -1.67675
-0.31460,  -1.27983,  -3.97450,  -1.64448
-0.18566,  -1.56908,  -3.82008,  -1.85062
-0.06117,  -1.40151,  -3.93351,  -1.73711
-0.03401,  -1.38266,  -4.00080,  -1.64873
-0.19114,  -1.56677,  -4.10287,  -1.69288
-0.10969,  -1.53243,  -4.07777,  -1.42233
-0.14799,  -1.29113,  -4.21484,  -1.64127
-0.13916,  -1.28657,  -4.28964,  -1.69896
0.03080,  -1.47873,  -4.16753,  -1.60662
-0.29601,  -1.27354,  -4.17097,  -1.64499
-0.29933,  -1.58199,  -4.08142,  -1.66593
0.02248,  -1.46534,  -4.15111,  -1.69823
0.00311,  -1.45376,  -4.27339,  -1.70665
0.03482,  -1.72303,  -4.20406,  -1.53119
-0.19608,  -1.49773,  -4.28049,  -1.49092
-0.09139,  -1.44876,  -4.31265,  -1.83431
-0.07087,  -1.56705,  -4.25671,  -1.61669
-0.10222,  -1.43737,  -4.40746,  -1.74654
0.03107,  -1.40707,  -4.28526,  -1.57791
-0.16695,  -1.52579,  -4.11066,  -1.51468
-0.07332,  -1.57982,  -4.40655,  -1.82988
-0.04841,  -1.55820,  -4.31774,  -1.68252
0.03020,  -1.39591,  -4.30681,  -1.63865
-0.07630,  -1.55449,  -4.43829,  -1.78452
-0.31010,  -1.41074,  -4.60172,  -1.59958
-0.23386,  -1.65989,  -4.23578,  -1.61086
-0.12499,  -1.56697,  -4.52774,  -1.81625
0.00645,  -1.47136,  -4.45501,  -1.73927
-0.08148,  -1.58344,  -4.35532,  -1.65830
-0.08078,  -1.68034,  -4.15812,  -1.74949
-0.02356,  -1.56465,  -4.39374,  -1.77480
-0.13111,  -1.56547,  -4.33023,  -1.64687
-0.16735,  -1.53805,  -4.42709,  -1.62633
-0.20068,  -1.43315,  -4.45218,  -1.84441
-0.06779,  -1.57820,  -4.42895,  -1.73540
-0.06648,  -1.45282,  -4.24035,  -1.71525
-0.15050,  -1.51523,  -4.41327,  -1.78229
-0.10567,  -1.80538,  -4.29361,  -1.97045
-0.01693,  -1.86341,  -4.25657,  -1.84534
-0.14925,  -1.48516,  -4.49333,  -1.55692
-0.27832,  -1.58985,  -4.30809,  -1.81234
-0.12434,  -1.36134,  -4.40897,  -1.85025
-0.29175,  -1.48976,  -4.43654,  -2.06459
-0.25952,  -1.63060,  -4.25949,  -1.58733
-0.28289,  -1.35598,  -4.22845,  -1.83261
-0.10764,  -1.62936,  -4.30425,  -1.84668
-0.14149,  -1.67384,  -4.14676,  -2.10115
-0.21325,  -1.30431,  -4.26511,  -1.80288
-0.15669,  -1.49630,  -4.28104,  -1.92068
-0.07908,  -1.55129,  -4.13383,  -1.87303
-0.02911,  -1.37709,  -4.30375,  -2.05604
-0.04793,  -1.63546,  -4.30186,  -1.90943
-0.12288,  -1.46664,  -4.07601,  -1.92210
-0.19875,  -1.25259,  -4.02453,  -2.05863
-0.29702,  -1.55104,  -4.22629,  -1.77198
-0.27301,  -1.34272,  -4.25194,  -1.97826
-0.02904,  -1.37219,  -4.14406,  -1.99416
-0.36441,  -1.51076,  -3.88380,  -2.13588
-0.17153,  -1.41529,  -3.97755,  -2.08478
-0.13641,  -1.31136,  -3.97852,  -2.05293
-0.18657,  -1.29349,  -4.12522,  -2.01790
-0.38409,  -1.49282,  -4.01626,  -1.95132
-0.25755,  -1.40066,  -4.08831,  -2.09755
-0.32019,  -1.44221,  -3.99598,  -2.06223
-0.07282,  -1.28216,  -3.93375,  -1.81713
-0.07627,  -1.43249,  -3.89893,  -2.10384
-0.23896,  -1.45034,  -3.98684,  -1.86536
-0.29776,  -1.39851,  -3.97637,  -2.11557
-0.45980,  -1.42638,  -3.99913,  -1.93730
-0.44825,  -1.47946,  -3.86692,  -2.18119
-0.38124,  -1.49784,  -3.95212,  -1.93828
-0.09412,  -1.39730,  -3.84520,  -1.87710
-0.20567,  -1.40439,  -3.96215,  -2.12370
-0.28789,  -1.30410,  -3.98821,  -2.02342
-0.24349,  -1.37521,  -3.84493,  -2.02705
-0.14354,  -1.45965,  -3.83847,  -1.89518
-0.31314,  -1.39587,  -3.98399,  -2.00020
-0.30239,  -1.26701,  -3.98512,  -1.92767
-0.47207,  -1.30499,  -3.82840,  -1.92667
-0.21311,  -1.50926,  -4.09839,  -1.71032
-0.28432,  -1.26733,  -3.98451,  -1.81025
-0.24533,  -1.32358,  -4.01473,  -1.88373
-0.24863,  -1.36870,  -3.98384,  -1.76583
-0.26427,  -1.30441,  -3.70010,  -1.79357
-0.22814,  -1.46706,  -3.76412,  -1.96128
-0.11369,  -1.15057,  -3.95516,  -1.87306
-0.26348,  -1.52172,  -3.78169,  -1.80264
-0.15953,  -1.46229,  -3.96353,  -1.87181
-0.41500,  -1.42897,  -3.91685,  -0.47417
-0.17266,  -1.53946,  -3.82204,  -0.85232
-0.20135,  -1.46173,  -3.88332,  -0.63588
-0.33137,  -1.37608,  -4.15104,  -0.65377
-0.31996,  -1.45495,  -3.92377,  -0.72841
-0.23662,  -1.25569,  -3.85591,  -0.62578
-0.35033,  -1.36902,  -3.95078,  -0.84682
-0.35267,  -1.49971,  -3.82395,  -0.69341
-0.12139,  -1.34485,  -3.79614,  1.77980
-0.37189,  -1.26873,  -3.92549,  2.02061
-0.25171,  -1.28718,  -3.67842,  2.09247
-0.14538,  -1.42240,  -3.99647,  1.78651
-0.30400,  -1.29834,  -3.82497,  1.86162
-0.25433,  -1.36104,  -3.81771,  1.84248
-0.19248,  -1.48509,  -4.02942,  1.83986
-0.40809,  -1.41762,  -3.76568,  1.96357
-0.27659,  -1.28329,  -3.81402,  1.89956
-0.24773,  -1.24080,  -3.82423,  1.80971
-0.27036,  -1.54791,  -3.75183,  1.65454
